{
  "mask10": {
    "FID": 113.64847365688598,
    "KID": 0.05751635294794792,
    "LPIPS": 0.797950399709844,
    "SSIM": 0.06901704618941401,
    "num_samples": 8700,
    "num_refs": 8700
  },
  "mask15": {
    "FID": 111.87593345478251,
    "KID": 0.056969374381881877,
    "LPIPS": 0.7973528571598146,
    "SSIM": 0.06862026880442271,
    "num_samples": 8700,
    "num_refs": 8700
  },
  "mask20": {
    "FID": 110.2253196656132,
    "KID": 0.0560050370820821,
    "LPIPS": 0.7974144652520103,
    "SSIM": 0.06828551975847098,
    "num_samples": 8700,
    "num_refs": 8700
  },
  "mask30": {
    "FID": 108.10873021873465,
    "KID": 0.05400884302552555,
    "LPIPS": 0.7968782249915188,
    "SSIM": 0.0678920721940879,
    "num_samples": 8700,
    "num_refs": 8700
  }
}